{"stats":{"minecraft:crafted":{"minecraft:oak_planks":4,"minecraft:stick":4},"minecraft:picked_up":{"minecraft:stone_pickaxe":1,"minecraft:oak_log":1,"minecraft:dirt":31,"minecraft:cobblestone":19},"minecraft:mined":{"minecraft:grass_block":6,"minecraft:dirt":28,"minecraft:stone":18,"minecraft:birch_leaves":2,"minecraft:oak_leaves":5},"minecraft:used":{"minecraft:dirt":17,"minecraft:stone_pickaxe":19},"minecraft:custom":{"minecraft:time_since_rest":7314,"minecraft:crouch_one_cm":2220,"minecraft:play_time":7314,"minecraft:sprint_one_cm":790,"minecraft:damage_taken":42,"minecraft:walk_one_cm":30426,"minecraft:sneak_time":179,"minecraft:jump":66,"minecraft:damage_dealt":6,"minecraft:leave_game":3,"minecraft:time_since_death":7314,"minecraft:total_world_time":7314,"minecraft:interact_with_crafting_table":5,"minecraft:fall_one_cm":478,"minecraft:fly_one_cm":82}},"DataVersion":3120}