{"stats":{"minecraft:dropped":{"minecraft:stone_pickaxe":1},"minecraft:crafted":{"minecraft:stone_sword":1,"minecraft:oak_planks":32,"minecraft:crafting_table":1,"minecraft:stick":12,"minecraft:wooden_pickaxe":1,"minecraft:stone_pickaxe":2},"minecraft:picked_up":{"minecraft:oak_log":8,"minecraft:cobblestone":26,"minecraft:dirt":1},"minecraft:mined":{"minecraft:oak_log":9,"minecraft:stone":25,"minecraft:birch_leaves":1,"minecraft:oak_leaves":4},"minecraft:used":{"minecraft:dirt":1,"minecraft:crafting_table":1,"minecraft:stone_pickaxe":10,"minecraft:wooden_pickaxe":15},"minecraft:custom":{"minecraft:time_since_rest":4852,"minecraft:play_time":4852,"minecraft:sprint_one_cm":95,"minecraft:walk_one_cm":7906,"minecraft:sneak_time":2,"minecraft:drop":1,"minecraft:jump":21,"minecraft:damage_dealt":40,"minecraft:leave_game":1,"minecraft:time_since_death":4852,"minecraft:total_world_time":4852,"minecraft:interact_with_crafting_table":5}},"DataVersion":3120}